{"cameraMode":{"drawMode":0,"name":"Shaded","section":"Shading Mode"},"sceneLighting":false,"audioPlay":false,"sceneViewState":{"m_AlwaysRefresh":false,"showFog":false,"showSkybox":false,"showFlares":false,"showImageEffects":false,"showParticleSystems":false,"showVisualEffectGraphs":true,"m_FxEnabled":true},"in2DMode":false,"pivot":{"x":0.000399115466279909,"y":0.6075995564460754,"z":-0.8675962090492249},"rotation":{"x":0.04149888828396797,"y":-0.9460827708244324,"z":0.1345902532339096,"w":0.2917322516441345},"size":1.2412630319595338,"orthographic":false}